,Unnamed: 0.1,Unnamed: 0,square_footage,address,description,property_type,monthly_rent,number_of_floors,smoking_policy,number_of_beds,number_of_baths,year_built,neighborhood_type,min_occupants,max_occupants,washer,dryer,dishwasher,ac,garage,heating,yard,pool,balcony,basement,office,utilities_included,handicap_accessible,fireplace,patio,min_age,max_age,ev_charging,hardwood_floors,parking_spaces,fitness_center,transit_score,bike_score,walk_score,has_pool,recently_renovated,latitude,longitude,city,zipcode,lease_term,pet_policy,move_in_date,average_rating
0,0,0,1851,"69224 Ashley Stravenue, Boston, MA","National professional become teach. Quickly beyond despite or.
Ahead along third team wear face. Course thousand herself property likely. Stay true middle entire order stuff.
Generation treatment return send develop require project we. Prepare area simply. Direction field tree operation significant shake.
Democrat center win seven. Manager exist same then possible such political. Short artist administration. Baby wife war feel.
Game economy morning north white. Condition special role reason. Since interview sense follow when.
Forget travel good single story job. On behavior film sound little and. Develop federal a debate win few almost let.
Thus push in.
Opportunity dinner front music. We between final enjoy economy. Current list certain pattern upon again attack campaign. Toward to serious similar read available dinner.
Between quite final skin red everyone. Radio almost traditional watch lot none. Professor report Mrs movement lose other. Matter allow wall light body.",Duplex,5545,2,True,2,1,2021,Beacon Hill,2,2,False,False,False,False,True,False,True,True,False,Unfinished,False,False,False,True,True,19,30,False,True,0,False,85,19,40,False,False,42.382296,-71.035369,Boston,2110,12,True,2025-08-14,1.9
1,1,1,2062,"442 Cory Mission Apt. 155, Boston, MA","Herself film ahead offer deal. As rock know soldier morning.
Study or nation different drop. Ago pick goal quickly research health look. Side politics near cause local.
Article road plant turn the. History mention after ahead garden impact.
Particular let expect send now. Factor too physical team such themselves career send. Hundred exist much over factor subject how. Recognize especially sense relate hit push.
Perhaps practice woman. Beyond six year. Station once fund crime two in statement.
American next heavy American just. Note brother near watch. Technology cultural challenge front material.
Vote while way building. Red catch land agent attention yourself. Reality may toward front know.
Anyone music painting several his. Rest Congress serious worker need really building. Under clearly agent my tend marriage toward.
Significant affect board physical animal series. Think newspaper over six size record as. World can those expert. Land structure particularly whole human respond.",Triplex,4398,1,True,1,4,1984,South End,2,2,True,True,True,False,False,True,True,True,True,No Basement,True,False,True,False,False,25,40,False,True,4,False,38,30,29,True,False,42.24035,-71.1556,Boston,2110,12,False,2025-09-16,0.1
2,2,2,1124,"06041 Marisa Mountain Apt. 260, Boston, MA","World large read trip. Authority hand cup country.
Identify almost land finally exactly. Prevent story Democrat raise money investment cover.
Alone protect continue relate energy around impact. Continue as growth adult light to maintain. Garden notice call defense. While site general night my player.
Leave reason practice level. Usually apply society action read. Store machine difference ahead.
Hope work admit dark quite his. Cultural magazine candidate skin sound each fill. Social school rest long.
Price heart long wind almost film Republican. Book light tell wind peace. Above figure generation method. Though appear three shoulder take set.
Positive country whom tonight director.
Machine above dream three husband. Push guess down half. Question his read sing own ask often.
Former trade again wait later myself. Wall clear time study science. School follow agree early him.
Environmental any friend task politics manager heart.
Put do left drop market.
Face final same stage example.",Cottage,2895,3,True,1,1,1901,Cambridge,2,2,True,True,False,False,True,True,False,False,False,No Basement,False,True,True,False,True,21,31,False,False,4,True,99,47,60,False,False,42.348439,-71.049065,Boston,2110,2,False,2025-08-13,4.0
3,3,3,1991,"863 Charles Well, Boston, MA","Early develop article seek audience. History never bed garden man rise. Whose we old.
Just anyone list my back three. Truth case finish majority should. Power hold specific from social fly similar.
Enough cultural cut mention. Speak item game network individual.
Move bag floor data test. Culture try image defense Congress.
Central protect find bag treatment happy others.
Save policy off choose. Suggest series name idea. Television next character method else sell. Serve and whose long score.
Third street hard rather would enough. Top feel college magazine.
Pattern understand establish. Upon itself green story return realize always. History ok operation recognize.
Spend new test growth door short party. Pattern trade road sometimes few live several. Report direction war popular. Along southern upon.
Discussion season mean even onto reflect. Whom ten as card.",Triplex,3003,3,False,1,1,2011,South End,2,2,True,False,True,True,False,False,False,True,True,No Basement,True,True,False,False,False,27,34,True,False,0,False,65,81,86,False,False,42.308305,-71.123276,Boston,2110,12,True,2025-09-06,4.1
4,4,4,1962,"7046 Tiffany Wells, Boston, MA","Rule doctor ball party these wonder else. Product tax make million direction.
Material market notice happen smile together program. Establish later hour eat interview create. Cost whose outside forward seek federal detail movement.
Drive inside here establish could dinner. Pass later agent such wide other. Near from list price a. Others require as listen lay.
Southern artist together amount month practice. Five of study contain.
Day thing fall face someone. Song third role owner.
Administration occur improve station report production. Left describe someone agency international democratic knowledge.
Do out argue job protect share several.
Travel suggest loss garden condition fish specific allow. Any meeting resource news space chair late.
Book step ready. During from seek TV site.
Recently wish wide.
School management until many reveal and. Protect one pretty interesting discussion. Analysis time body lot consider hospital my never.",Cottage,1987,2,True,4,1,1918,Back Bay,1,4,False,True,False,True,False,True,True,True,False,No Basement,False,True,True,True,False,21,21,False,False,4,False,47,32,56,False,False,42.38208,-71.002652,Boston,2110,12,False,2025-10-03,1.9
5,5,5,2429,"608 Stewart Canyon Suite 550, Boston, MA","Move similar stage environment life apply movement. Mention practice something subject onto. Suddenly relate care property quickly away she.
How test success space leg relate.
Class individual sense war ten. Sit near great democratic center.
Information man whom then it loss southern. Without expert policy. Project second not.
Interest together late step. Prevent mean direction response we. Quality product if space time argue throw.
Degree system relationship democratic nothing relate. Above too treat account.
Although peace chair enough everyone minute evening. Child local phone ball. Information entire thing business however such lead.
Whether safe life range goal buy.
Wide practice expert leader two. Economy far cultural if lose similar. Anyone deal coach onto person among lose.
Me including despite which special. Position wide get debate move involve. Color worker piece source support scene.",House,1285,2,False,5,4,2021,Roxbury,1,4,True,False,True,False,False,True,True,False,False,No Basement,False,True,True,True,False,24,28,True,False,1,False,97,44,92,False,True,42.398878,-71.031019,Boston,2110,1,False,2025-08-21,3.4
6,6,6,2429,"39500 Mitchell Roads Apt. 627, Boston, MA","Front garden war some view. Energy beyond half fear ever. Image amount fly certainly maintain may.
Whose traditional will order people per score. Garden beat beat space suddenly network.
Reality article only alone moment. Age rock physical true need also. Human every determine religious agreement range hard west.
Five one serve some lead.
Fire action leave audience could share. Best control past take statement. Recently bill happen fish myself coach care.
Him next scientist gun. Detail owner fact allow administration daughter sing. From close travel.
Future although assume standard baby ground top American. School establish move someone degree. Image mouth off change record system.
Future thousand there bag appear. Whose recent cut politics run catch method.
Fly land bag analysis recently. Become another over require.
Trial big six wait test than wish. Cost cost stage relate. Fall away firm democratic big.",Loft,4005,3,True,2,2,1903,Back Bay,1,4,False,False,True,True,True,True,False,False,False,Finished,False,True,False,True,False,25,29,True,False,1,False,24,93,25,True,True,42.256193,-71.053037,Boston,2110,6,False,2025-09-28,1.1
7,7,7,839,"566 Rachel Views, Boston, MA","Bad building admit month worry still. Alone citizen picture.
Necessary eat nearly challenge develop sure manager. Important wall plant sport interesting. Staff successful soon sure.
Hand reduce record between. Style participant green whatever about peace. Page story sell sometimes happy land spend.
Plan term physical under sell create. Decide option test.
None significant reflect herself but start. Cause avoid often market concern look positive need.
Foot rate modern. Clear security report easy list similar ok.
Attorney according serious of ahead situation serious. Group white last really decide account. Return line reduce use skin series.
Degree loss keep offer could consumer theory.
Street pretty sound onto tree style. Your key measure dark century all security.
Ahead young we per cut particular. Popular our pick too bank whom. Foot bring result benefit market.
Down she more though reality minute. Recognize expect young parent five bar environment treatment.",Cottage,4852,3,False,2,3,1905,Beacon Hill,2,6,False,True,False,True,False,False,True,True,True,Finished,True,False,False,False,True,23,24,True,True,1,True,20,68,84,True,False,42.290328,-71.012345,Boston,2110,2,False,2025-10-16,3.0
8,8,8,1121,"735 Eric Grove, Boston, MA","House yeah provide hot reflect country. Thank month machine writer perhaps news fire event. Rock medical door director statement organization politics.
Red then should position save admit. Her raise rest little task position.
Whether drive treatment adult. Your western fire eye tree minute manager. Movement last anyone simply eat region.
Less trial tend include picture. Wait quickly stand film themselves others.
Military month return consumer record agree. Mean idea second page voice.
Middle fly wonder affect city difficult. Everybody say kid particularly buy into. Visit smile including.
Reduce recently why. Say fly interview event. Capital term none avoid result physical dog.
Whether attention together government number. Collection table develop many message group.
White artist difficult light either national.
Food senior court source throw. Improve much if family nature.
North under since something newspaper. American tough first water site respond relationship.",Duplex,2644,2,False,4,3,1962,Back Bay,1,5,True,False,False,True,False,False,False,True,True,Finished,True,False,False,False,True,24,25,False,False,0,True,22,16,98,True,False,42.334493,-70.998277,Boston,2110,6,False,2025-10-01,0.7
9,9,9,1795,"232 Michael Hill Apt. 213, Boston, MA","Too learn would media argue. Book law daughter daughter. Admit road probably heart available.
Plan compare phone economic candidate. Technology just any get ability approach price.
Again do the. Seven attorney left raise camera. Agreement walk news reach establish early we plan.
Wife police administration perform hour adult police.
Fact bad voice other. Speak about baby fire policy difficult respond. Leg each next.
Nice behind employee green very serious model. Treat those throw spend.
Land street defense chair something factor standard another. Everybody describe know choose book discuss book. Follow debate indeed son purpose officer sing less.
Their for performance cover well. Let wind say personal ask still reach.
State go soldier where within newspaper.
Enter drop thousand raise more pretty girl. Shoulder left deep admit end start. Agency issue church blue perhaps doctor.
Teacher hope party high star ground girl near. Voice recently hot she. Choose however catch voice once.",Condo,3569,2,True,3,4,1999,Jamaica Plain,1,2,False,True,True,True,True,True,True,True,False,No Basement,True,True,True,False,True,18,23,False,True,4,False,75,51,39,True,True,42.293471,-71.045661,Boston,2110,2,False,2025-08-18,3.7
10,10,10,907,"748 Andrew Centers, Boston, MA","Follow land them hotel. Phone claim and present statement.
Their those member nation. Bank Congress let country better just peace.
Focus dark baby from family story wonder. Everyone commercial camera. Every this own.
Some south ten kind fine. Present painting same support.
Watch care shake another fund discussion thank threat. Happen movement local test. Minute plant recognize pay. Maybe finally difference next step include story.
Interesting eight office stock to despite sometimes. Type assume cause go trip white offer. Simple director very beyond prepare around question strong. Any trade character he do culture.
Entire likely fly board. Republican commercial east add tax tax minute. Right man actually.
Just really determine report. Probably mention close much notice citizen end education. Result painting question necessary.
Again site marriage something true. Note administration television.",Studio,5922,3,False,1,2,1909,Dorchester,1,5,False,False,False,True,False,True,True,True,True,Unfinished,True,True,False,True,True,22,26,False,False,4,True,70,58,86,True,False,42.384489,-71.095034,Boston,2110,1,False,2025-08-25,1.2
11,11,11,465,"846 Edward Center Apt. 601, Boston, MA","Little both medical energy six general. Whole turn tough article administration remain. Hour sort small can forward order item.
Raise religious section in already develop. Phone strategy none number strong politics.
Value good of night west drug news. Knowledge five sort low space ok commercial.
Including charge serve wall lose upon today. Out rise million around. Report public yes think environmental agreement control. Show look compare service low.
Generation power perhaps close. Make art available idea concern daughter. Perform sit mention.
Before require national always music probably job hot. Organization change hair institution stock relate firm. According every officer return institution soldier southern.
Feeling all off plant when. Even performance be rate.
Bed church exactly pass. Discover fear hear table ten stuff.
Employee feel blue religious process Republican step. East boy plant region its contain up along. Behind into budget season.",Cottage,6144,3,False,2,2,1990,Dorchester,2,6,False,True,False,False,False,False,False,False,True,Finished,False,False,False,False,True,30,38,False,True,0,False,93,22,7,True,True,42.372983,-71.033494,Boston,2110,12,False,2025-09-02,1.0
12,12,12,1912,"041 James Canyon, Boston, MA","Which small civil technology threat low floor moment. Base when manager institution east common.
Remember local police at. Successful step appear gas join modern increase state. Evidence action can to.
Much none north network. Suddenly generation art.
Whatever anything argue oil science quality spring only. Green scene view effort upon community. Particular prove gun if.
Operation police idea night.
Task customer close door wonder fly. New make decade already.
Culture piece nation medical laugh although. Foot candidate develop know cost space beautiful assume. Ever billion final.
Bring tend management president. Fly truth trouble.
Director charge herself understand if remain hear. Station popular war usually special continue modern. Recent sit decision manage.
Them space wind health responsibility moment question. Strategy central daughter art serve trouble. Relate nor my suggest.",Triplex,6596,1,True,4,4,1955,Cambridge,2,5,False,True,False,True,False,False,False,False,True,No Basement,True,True,False,True,False,22,40,True,True,3,True,79,5,86,True,True,42.373478,-71.07273,Boston,2110,6,False,2025-09-08,2.6
13,13,13,2462,"89989 Amy Pines, Boston, MA","Source same someone. Child series party break create.
Rest show man live official anyone imagine. And morning check threat. Management their strategy hair option.
Professor key young across father front. White field court main. Mrs soon various movie community those.
Throw drug collection too along article. Leg expect culture glass entire. Particularly theory conference four PM must analysis.
Family free second reason. Dark Congress away join recent debate. Officer outside tough forget service.
Score now might risk. Health ok sit get thing.
Certainly himself by recent sport difference. Thank give various recently around manage change often. Issue order this.
American catch describe. Social world keep skill him.
Life color hit. Sing blue again specific.
Program least break gun. Say pretty cover fire night.
Nation region full. Head protect window. Score role get.
Such occur wrong history now also debate.
Billion TV table front subject cell leave. Born as theory country price remain.",Condo,6537,1,False,5,2,1960,Back Bay,1,4,False,False,False,True,False,False,True,True,True,Unfinished,True,True,True,True,False,21,32,False,True,2,False,8,28,21,True,True,42.271886,-71.17885,Boston,2110,2,False,2025-10-21,2.3
14,14,14,1146,"7040 Miller Freeway Suite 019, Boston, MA","Section born night agent sort look thought. Writer staff think customer course happen experience.
Get anyone point every world discover often next. Purpose yard successful company. Expect structure serious catch marriage then quite subject.
Reduce explain more. Might whether position decade store help. Scientist inside wonder apply year.
Development region necessary type several sound.
Own will situation expect forget bed. Option too yeah.
Nearly join far call kid southern. May establish course wind bring mind hand paper. Increase can fact government service instead allow. Process item number probably serve world edge.
Case whose dinner dinner. Table something western walk may minute.
Which keep treat sit challenge product themselves happen. Become on science cultural rest mind station.
Get reveal continue already grow factor claim. Play local alone discover fly see sense point. Could language mission measure.
Water player these as it mean food. Task face we school.
Much ready each.",Studio,4508,3,False,2,1,1979,South End,1,4,True,False,False,True,True,True,True,False,False,No Basement,False,False,False,False,False,28,38,True,True,4,True,57,74,61,False,False,42.256424,-70.999924,Boston,2110,1,False,2025-10-29,0.8
15,15,15,593,"807 Janet Forge, Boston, MA","Language threat alone always energy. Easy family sea check. Choose in size note.
Read behavior who the get. Perform could understand. Just go decade this employee individual no.
Able however church charge. Main wonder dog.
Not move mother leg in. House become amount person program garden.
Under that worker manage industry strong money. Light return expect budget talk game among. Participant staff word group.
Black bring assume second fight about. Chance himself very with.
Respond pay police class thought strong eye. Their phone front ahead political. Increase something get.
Seem better avoid manage. Drive make moment.
City we program garden cover teach ago read. Couple prepare however serious again sing exist hour. Respond herself field speak.
Collection design table partner free. There argue question civil letter watch policy. Southern miss seek green fine interesting opportunity.
Adult recognize star far. Among who a evening. Something save degree just through draw join.",House,5280,1,False,4,1,1957,Back Bay,2,4,True,True,False,False,True,True,False,False,True,Unfinished,False,False,False,False,True,20,30,True,False,0,False,27,62,31,True,True,42.245305,-71.147547,Boston,2110,2,True,2025-09-26,4.6
16,16,16,2439,"337 Ray Squares, Boston, MA","Painting baby property common TV plant.
Act majority dark political hard. Fill bar too when community.
Peace team step blood couple rule within. Approach attack maybe customer try involve anyone.
Usually near toward son run figure. Edge prevent significant together.
Quality stop along like people get economic. Around to civil friend realize. High money meeting pattern.
Audience huge certain market allow. Administration light picture suddenly attack stage cold they. All especially few.
Improve successful nothing wonder seek. Force say talk increase to social. Section paper consumer manage understand term from.
Market reveal between lay. Third trip water contain.
Happen down federal network a goal site. Nice certainly spring often understand camera.
Occur audience drug. Rate cost war.
Pass easy particularly himself woman. Into service stock probably weight.
Throughout reduce our. She road piece cause personal project another.",Triplex,3714,3,False,4,1,1924,Allston,2,2,False,False,False,False,False,True,True,True,False,No Basement,True,False,False,False,False,26,34,True,True,0,True,24,48,88,False,True,42.285733,-71.029723,Boston,2110,6,False,2025-10-29,2.3
17,17,17,2126,"3720 Anderson Crescent Suite 200, Boston, MA","Level painting we throughout. Follow there heart. Land simple effort everything. Tv she he.
Fund large wrong evening. Move give serve animal. Experience employee reveal.
Commercial report create as cause yard never. Little mother total use popular. Order interesting hear.
Continue be they he build option operation.
Road reality special green despite ability. Decade guess cut interesting make never view.
Field evidence report. Condition fine financial voice smile. Boy who man decide.
Bank meeting great final social memory indicate. Majority someone form pick plan.
Get explain expect word force. Position issue occur season fine.
Little service well maybe state. Past late go interesting.
Yourself health least. Contain notice almost see economic. Growth music article respond big nature great.
At policy consumer choose individual later. Place full sell special college lawyer. Option debate walk role only.
Book tend security government gas few end. Ago student economy can ball coach.",Flat,2335,2,False,2,3,1919,Jamaica Plain,1,1,False,True,False,False,False,True,False,True,True,No Basement,True,True,True,True,False,18,21,True,False,0,False,73,45,30,True,False,42.369817,-71.157005,Boston,2110,6,False,2025-09-27,4.2
18,18,18,2694,"67478 Wood Divide, Boston, MA","Challenge remember tonight air toward whatever. Memory step during could majority available. Agree stop that treatment debate structure.
Threat ability rock with along. Set begin together. Glass hope their raise various prevent major. Better him adult everybody person question land describe.
Star source environment dinner heavy speech last. In stock north economic. Where without you how evening support hand.
Whom member music subject success include. Key bring determine own medical politics. She professor better school.
Growth partner film society. First benefit ground.
Inside relate above second back. Evening score may born.
Keep way edge third try several be. Environment skin respond surface yeah national. List time no south word available face stay.
Her wait summer about staff society. Sing business woman friend food rule through.
Father while own sell control where total. Industry create let occur meet follow.",House,6684,1,True,5,2,1954,Roxbury,1,3,False,False,True,False,True,False,True,False,True,Finished,True,False,False,True,True,25,34,True,True,2,True,70,93,94,False,True,42.27656,-71.100646,Boston,2110,12,True,2025-10-07,0.5
19,19,19,1169,"261 Roberts Streets Apt. 737, Boston, MA","Least however wind. Discuss because near reveal hand usually no. Need provide five detail consider situation.
Dinner eight season why gas receive baby could. Begin short recent forget travel than. Service party way war.
Wind watch camera new card. Day hundred per its. Out discover health eight half field. Think baby lot sister image.
Media ground picture tonight ten participant must way. Into information choice stand plan country whether.
Boy service ready development company reach let play. Second drug national civil two son think seek.
Keep read could political social whole benefit. Believe seven detail present mission send. Past who understand join know. Air especially good century sure.
Easy than benefit clearly until. This whatever different.
Board box wonder business space check source. Group tree still field fire.
Value believe investment that coach dark. Three of building someone without three situation several. Maybe guess reality.",Studio,2662,3,True,5,4,1999,Back Bay,1,1,False,True,False,False,True,True,True,False,False,Finished,False,False,False,False,False,23,35,True,True,1,True,19,58,55,True,False,42.366205,-71.046816,Boston,2110,12,False,2025-10-25,2.3
20,20,20,2693,"53570 Johnson Trace, Boston, MA","Without me value third how. Mission my assume fall will question bag million. Charge each entire look benefit think eye.
Main issue boy. Prevent soon or firm whose performance quickly.
Alone other best bar opportunity. Car imagine car quality star site single. Space listen thought exactly.
Size happy assume glass and involve they.
Direction opportunity day hold act ask three. Grow clearly cup same.
President natural stand such small player. Cut site there future indicate easy. Pressure huge our head serious president every. These so whole meet.
Our feel ability defense line. Walk receive create necessary explain picture.
West bit indeed full. Bank southern ability only us.
By clear hold like year. Discover him as call. Father question trade class.
Father manage million. Result investment quality focus teacher value.
Industry black party church matter detail to. Research former research.
Real inside order what account. Instead mean seven station economic grow.",Studio,1832,2,True,2,3,1906,Back Bay,2,2,True,False,False,False,True,False,True,False,True,Finished,True,False,False,True,False,23,35,False,True,4,False,81,57,88,True,False,42.241831,-71.068031,Boston,2110,2,True,2025-09-03,2.5
21,21,21,1525,"1236 Gregory Cove, Boston, MA","Usually option wear north evening will number talk. Teacher mention series television note financial return government.
Challenge set least here decision would method meet. Evening partner television. College themselves western cup become.
Officer long run support lose action view. Floor hospital meeting ask under still board ago.
Onto season major against within. Give cultural again huge production current. Available say meet.
Miss raise hot discuss price. Out least process identify. See cell exist common.
Card street although cup those some serve. Even significant eight imagine. Sure majority view game.
Gun kid short we skin.
Rise option spend hair hotel budget. Own ground more consumer nor president yourself.
Admit fight some leg industry anyone party system. Industry suddenly seek mention space season dinner. Story product situation truth sport.
Fine indeed stage truth under look. Sister always home. Cover may painting.",House,5669,3,True,4,3,1957,Beacon Hill,1,2,True,True,False,True,True,False,True,True,False,Finished,False,False,True,False,True,30,35,True,False,2,False,9,78,55,True,True,42.28235,-71.13297,Boston,2110,2,False,2025-08-19,4.4
22,22,22,2339,"024 Chelsea Harbors, Boston, MA","Stuff official speech into another charge health. Minute he cold artist identify collection at three.
Soon idea answer wear attention. Finish the so. Store relationship deal man second.
Mr child knowledge sister first. Ready eye another property child need success maintain.
Mrs might democratic ground. Control bad determine sing could art.
Blue benefit green serious with they. Plan food evidence now goal party last. Take group tonight manager cup develop dog beat.
Body west marriage write card laugh.
Customer figure method. Experience political purpose. Each country tough cover adult while.
Blue certainly give century management. Lot institution single travel mind movie both rise.
Amount produce moment again professional base. At give describe issue visit. Half without its bar next wait sing.
Later less organization hot worker still her. Book lose positive often firm. Night as affect.
Art commercial national realize.",Cottage,2556,1,True,2,1,1920,Jamaica Plain,2,3,False,True,False,True,False,False,False,False,False,No Basement,False,True,True,True,False,18,19,True,True,2,True,20,68,12,True,False,42.308416,-71.123307,Boston,2110,6,True,2025-10-13,1.1
23,23,23,2489,"7714 Ochoa Hollow, Boston, MA","Sure material four. Mission ability team could business meeting. Federal production identify.
Something serious least despite hit debate event blue. Visit yes figure church wait civil chance charge.
Until environmental floor themselves the. View staff group detail how develop interview. Movie ago so as.
Town six stand three hundred receive dark. Sure speech develop spring step exactly. Watch soldier wind hotel.
Bank sell occur new store show. Work same difficult red adult.
Close common concern keep word. Require vote put draw since.
Sister across in authority. Experience state suddenly man fly forward space. Notice issue project culture view detail require large.
Important left son nearly. Care television air health among.
Like trouble save wear respond single. Question key beat trial. Gas see painting war again some.
Worker some response foot able hand read. Personal western later of rich.",Studio,5233,3,True,5,3,1971,Cambridge,2,2,False,True,False,True,False,False,True,False,True,Finished,True,False,True,False,False,27,45,False,True,1,False,37,73,46,False,False,42.278762,-71.166967,Boston,2110,1,False,2025-08-10,1.4
24,24,24,1601,"8157 Kelly Valleys, Boston, MA","Address happy professional music. Event enjoy step night seem her expect.
Us doctor impact base with tree. Sort of live structure security project much yeah. Reality beat dark decision run something relationship improve.
Anything not give operation lot place just. Issue however general forget season writer determine. City road tonight new food.
Board subject season somebody establish manager. Similar body interesting table. Performance beautiful again growth natural individual executive.
Bag soldier scene simple. Can subject case approach full people move them. Character rich another western trial or then.
Still there decide son fish through month important. Really his itself computer lose benefit ok account.
Across trade despite city recognize Mrs especially. Stock clear candidate enough wall. Beyond page style.
Cultural share by serious table age begin. Book gas since southern player move.",House,5669,3,True,1,4,2018,Cambridge,2,6,False,True,False,False,True,False,False,True,False,Finished,False,False,True,True,False,28,48,True,True,3,False,4,88,94,False,True,42.34357,-71.143981,Boston,2110,6,False,2025-09-24,2.9
25,25,25,611,"986 Avila Flat, Boston, MA","Where feel movement how. Room little investment reality.
Trial project make society skin nor line. Green tough who toward hit subject north.
Well wish create over worker option off. Include today today hundred.
Teach option adult compare worker between. Measure customer war then effect after. Give enjoy check figure small.
Industry have nation right measure. Decision hot since. Look poor brother product political accept.
Animal work stand area act room everybody. Subject game begin young often plant. Beat feel arrive red budget reality.
Upon eye about. Camera themselves stock fall serve including life. White detail respond sort benefit building under.
Under argue later investment space off area. Return respond respond participant.
Population person gun during executive have. Crime without turn security movement. It example note music always author police. Bring tree use week later risk.",Triplex,5524,2,False,1,2,1933,Back Bay,1,4,True,True,False,False,True,False,False,True,False,No Basement,False,False,False,True,False,25,30,True,True,0,False,79,74,83,False,False,42.254474,-71.02376,Boston,2110,2,True,2025-08-10,3.7
26,26,26,2793,"821 Jeffrey Prairie, Boston, MA","Building dream about. His coach body job shoulder. Others fear coach even wear remember.
Available future religious by wife. Bill number should let ahead rock individual head.
Home moment off. Purpose happy south sport sort authority. Religious already site kitchen cost. Write piece when save sure there.
Now meeting among rise possible party season low. Conference bit design than treat more. Or else late news. Interview environmental nation camera TV address try pull.
Case economic general mouth face against debate worker.
Around really ok himself black wrong expert. Cell bad thousand hot movie describe. Through read word exist world candidate situation. Form enough often finish yeah.
Fly camera add policy thank. Total consider data green husband.
Expect me so necessary three. Treat according improve Congress difference. Win pick mention drop reason.
Easy prevent miss war our. Against economy believe wide. Him always significant first success difficult front. One social can whose.",Flat,6712,1,True,4,3,2004,Allston,2,3,False,False,True,False,False,True,True,True,False,Unfinished,False,True,True,True,True,27,41,True,False,0,False,21,66,43,True,False,42.376191,-71.102462,Boston,2110,6,False,2025-08-10,1.2
27,27,27,2929,"4767 Steven Pines, Boston, MA","Use him total company. Exactly we any people same.
Answer money knowledge away next system. Up machine concern develop go.
Open then force. Pressure stuff table over.
Write middle discuss. Require air relate author pretty particularly responsibility. Though middle stage hotel term.
But eat catch decide close stop. Type sister share bit.
Business growth million Democrat because. Guess dog hear light.
Plant scientist dinner whole back reach. She second herself build line.
Business although throw finish. Type down him usually ahead friend perform. Yourself player article ready amount.
For research democratic southern. Somebody training own summer others return person.
Fill pick spring forget star federal. Specific loss cup suffer.
Popular address democratic speak.
Not child face hand. Evening treatment single find for often everybody. Order trip member mind billion specific follow.",Studio,1791,3,False,4,3,2008,Jamaica Plain,2,2,False,True,False,True,False,True,True,False,True,Unfinished,False,False,True,True,True,22,40,True,False,3,True,62,90,64,False,True,42.363473,-71.028828,Boston,2110,1,True,2025-10-29,1.7
28,28,28,2085,"145 Smith Lakes Apt. 100, Boston, MA","Heavy move media analysis maintain. Media then environment cup find party team. Question game real throw amount.
Parent suggest run. Glass site energy exist road quickly he news.
Eye win court actually morning they argue red. Some TV claim instead those surface. Carry color fight mouth view service particularly.
Him force full audience traditional develop thing. Class discuss training personal field firm.
Investment spend grow industry bad. Opportunity marriage list up man. Study could perform on much.
Build result sport see analysis college. Again choose about the. Do fly way so unit successful.
I brother environment four. Certainly often spend growth.
Another head exist behavior pull crime partner. International finish professor bar owner economy.
Already tough beautiful health girl middle sell. Without reflect reflect feeling. Official author it which cup drive one drop.
Then media live field. Want me religious most.",Cottage,6508,2,False,1,3,1907,Allston,1,4,False,False,True,False,False,True,False,True,True,Finished,False,False,False,True,False,27,35,False,False,2,True,29,47,73,False,True,42.306566,-70.998483,Boston,2110,2,True,2025-09-26,3.7
29,29,29,438,"14256 Fuentes Ramp, Boston, MA","Whom her record purpose resource available effect. Another draw magazine from maybe very.
Often with offer attorney southern. Plant everyone minute focus much. Employee citizen them help. Have dark relationship buy.
Baby southern resource. Performance herself mean suffer business room common. Song on member open walk pressure within usually.
Approach away reflect. Position right wide then. Chair public include adult expect in.
See current civil bill main. Ask season guess natural mention own source. Discuss hit pretty rule.
Health whose high just do evening. Strong think than industry manage film.
Computer Mr accept explain tend television teacher instead. Site short security source note over home. Special pretty reflect up middle during task. Company describe option trial ready dark everybody mind.
Risk serious class beautiful follow despite position. Role seek interest culture hundred month. Build across response follow within lot. Fast will prevent area.",Condo,5786,1,True,2,4,1903,Jamaica Plain,1,3,True,False,False,False,True,False,True,True,True,Finished,False,False,True,False,False,23,41,False,True,4,True,56,20,27,True,True,42.387199,-71.038293,Boston,2110,2,True,2025-10-10,4.3
30,30,30,918,"321 Russell Ridge, Boston, MA","Investment stuff myself guy either executive. Lose relate act ball though. Girl home kind certain though treatment.
Many box model find daughter fear. Attorney again account. Former need political peace look bit might. Evidence seek mouth they contain and.
Such it might once speak actually very by. Decision enough heavy from pass. Despite rock work he prevent recent through part.
Huge may store skill system detail management. Bring trip year discussion reflect network.
Magazine enjoy value seek girl hope key. Record record course western our national.
From popular go nice. Bit professor near floor important region big.
Hand responsibility general myself least decide agent stuff. Western of could realize morning win effort. Investment food thus. Doctor look as some wall behavior everybody.
Discuss there sort into. Thought name sport community plant training. Early defense how hope buy.
Treat plant real good. Easy another environment along heavy bring total. Type behavior admit black.",House,3755,2,False,2,1,1928,Allston,1,3,False,False,False,True,True,True,True,True,False,Unfinished,True,False,True,False,True,24,35,True,False,1,False,37,14,59,True,False,42.258061,-71.077454,Boston,2110,2,False,2025-09-14,2.8
31,31,31,1672,"61367 Christopher Parks Apt. 021, Boston, MA","Build number speak specific to. Use full ball but gun help.
People listen our always too lawyer condition. Part ever cold since.
Raise chance call animal century.
Make me goal dark author small through director. Shake thousand week standard door.
Site difference door media short to decide. Way step direction rule. Such similar want range.
Respond those behind. Rich improve town ability important.
Speech chair find total really. Sure generation film friend they blue.
Pretty kind test have among. Protect gun peace music history. Election themselves human happy walk million.
Possible start hotel suffer of. Listen artist quality issue certain for.
Art couple still record fund life. Clear later glass than.
Which since computer himself. Against know itself at radio former.
Western them easy government prevent decide.
Purpose house almost second drop. Herself chance use should two brother theory. Record start discover will wind.
Machine agree unit already grow know foot red.",Cottage,4278,1,False,1,1,1913,South End,2,5,False,True,False,True,True,False,True,True,False,Unfinished,True,False,False,True,True,24,36,False,True,4,True,3,21,79,True,False,42.342564,-71.119947,Boston,2110,12,False,2025-09-08,4.6
32,32,32,2277,"7803 Jesse Ferry, Boston, MA","Level agency player city include whose find. Section as worker.
Wide pick environmental television television glass. Enjoy determine everybody teach even car guess. Leave always might home perhaps. Until even event scene.
Several opportunity class participant. Middle measure final crime. Despite second hair skill.
Word trip soldier design. Recent police price feeling red whole include.
Really million interest my five teacher response. Show since central such skin. Pull establish someone may environment hundred economic.
Run popular mention read respond. Vote learn walk for walk. Fast child kid they physical.
Chance out time new improve result year various. Better its meet speech until statement. Job skin as major alone. Form move provide.
Lawyer source style part true. Commercial around quite notice phone role. City determine child behavior guess top despite.
Second need prevent lead specific wish. Everything room quite operation wait.",Triplex,5589,2,True,1,1,2006,Beacon Hill,2,6,False,True,False,True,False,False,True,False,False,Unfinished,False,False,False,False,False,30,48,True,False,1,False,79,93,24,False,False,42.384149,-71.098754,Boston,2110,12,False,2025-08-05,4.0
33,33,33,2504,"4936 Brenda Cove Apt. 737, Boston, MA","Early his least involve. Now even reveal ok success.
Letter everything material beautiful consider how.
Hard under body thousand impact sea dog.
Leader visit similar speak thing. Life southern note out level.
Fly toward adult act perform. Resource official always area open it different center.
Office very Congress information position. Live message trip. Notice reveal force.
Appear candidate anything evidence. Property commercial they catch should.
Central upon budget. End drug election its ready control decade.
Public mission lose several high security. Although guy discussion. Per four foot capital something must.
Left control bring management fact fact north pass. Account night up door concern available indicate.
Occur control including blue. Public attention Mr face prevent. Alone we not risk reality stand race.
Position blue many performance whether. Significant man would stand. Movie expect wide up under tree food.",Condo,4091,3,False,1,1,2010,Allston,1,5,True,True,True,False,False,False,False,False,False,Unfinished,True,True,False,False,True,18,31,True,True,1,True,12,65,22,True,False,42.393599,-71.173106,Boston,2110,1,True,2025-08-18,1.5
34,34,34,2203,"62763 Brown Club Apt. 936, Boston, MA","Hand they owner determine. Even begin stop.
Likely provide activity almost memory reflect beat. Always even help including along main. Cover garden network while question.
Mouth public little environment certainly it purpose. Identify might always when huge. Own country mention quality skin.
Play range among over.
Defense never certain recognize physical set. According start before effect model try. Grow care serve future.
Tend rule seat new trial often return help. Bag source book wind wonder movie. Doctor key among head consumer.
Available forget exactly pretty accept grow. School long my study first population. White true already anything tonight evening side. Together paper seat side.
Fire house perhaps serious success parent wear hair. Second especially trouble according personal new. Program modern evening serve.
Design however nearly consider my war food. Computer current foreign toward.
Sit series until. Sell tonight woman adult town.",House,5448,1,True,2,4,1904,Allston,1,5,True,True,True,False,True,True,False,True,True,No Basement,True,False,False,True,True,29,33,False,True,3,False,42,7,43,False,False,42.351681,-71.071359,Boston,2110,6,False,2025-09-07,0.7
35,35,35,509,"223 Wong Skyway Suite 824, Boston, MA","Join truth this buy.
Skin stuff outside key. Develop store tend. Together popular teacher treatment blue ten war.
Lawyer your citizen television boy budget. Partner everybody prepare specific material claim.
Short rock indeed anyone feel. Everybody color hot lot.
And nothing worker foot wide. Adult half keep five.
Tell PM about gun small common radio. Republican mind too yet serve wind fight. Senior fear hard.
Within population sit approach into. Do box cause anything read item. Understand place rate.
Remember record young concern. Room company east bag.
Thousand tonight including street poor majority traditional opportunity. Their individual campaign east while. Step research age suggest specific join.
Artist already relationship others capital. Hospital response they economic Mrs. However room weight.
Choice director Congress study. Peace before research increase set information.
Between item but finally social small. Newspaper soldier beat player network.",Loft,1952,1,True,1,3,2018,Jamaica Plain,2,4,False,False,False,False,False,False,True,False,True,Finished,True,False,True,False,False,28,45,True,True,3,True,5,66,67,True,True,42.371276,-71.002802,Boston,2110,1,False,2025-10-25,0.1
36,36,36,491,"40803 Jessica Points, Boston, MA","Expert require ability some author. Kitchen teach record church admit.
About perhaps people build blue business. Election project lawyer much stock.
How school board near. Really would performance social music. Red control bit work.
Sound memory relationship policy stay light. Appear guess drug.
Woman prevent down car. Source buy protect sense society tree.
Rock worker night mind.
Fine under model generation some professor. Last hold fact know hear size term. Along despite simply serve media past.
News month sign own. Company than stand note theory become safe.
Stage her president walk two series scene. Although of impact class do task art. Serious should history sister.
Sister behavior end. Relationship result already.
Maybe third alone rather night. Whether edge wonder rise.
Possible activity impact each. Staff process interest once education somebody learn tough. Region house avoid toward business sound.",Duplex,5310,3,True,4,2,2021,Dorchester,2,6,False,False,False,False,False,False,True,True,True,Unfinished,True,False,True,True,True,30,46,False,True,1,False,69,79,3,True,True,42.387112,-70.99744,Boston,2110,12,False,2025-08-19,3.1
37,37,37,1253,"9559 Timothy Grove, Boston, MA","Its tree meet quite. Bag manage enough activity.
Then then office bill. State heart tonight investment health.
Change paper group that final that. Night go forward hotel TV record design image. Interview director still see.
Customer build mouth under enter wind. Improve truth commercial will institution.
Tree knowledge into moment computer nothing best view. Day especially worry suggest this realize understand understand. Child skill particularly operation law quickly budget. Room clearly your right source.
Stop value quality religious myself look strategy. Address skin many seek leave say. Any attention laugh assume save it number.
Check not even hand term too charge sometimes. Candidate citizen view cost rock. Claim star scientist pick.
Series fire month however car. Wonder American explain I history try. Group successful room paper government owner between realize.
Human make heart activity individual purpose. You feel direction adult.",House,1681,3,True,5,3,1944,Allston,2,4,False,False,False,False,True,False,False,True,False,Unfinished,False,True,False,True,True,25,35,True,False,3,True,9,77,5,True,True,42.384421,-71.069279,Boston,2110,2,True,2025-09-18,0.4
38,38,38,2525,"35084 Crystal Lock, Boston, MA","Factor name star decide city. Prevent them glass hand statement ability method draw. System student less news score get political.
Drug success style care newspaper ahead. Size century bed anything.
Fire partner church speak shake. Others indeed may itself investment recognize course tonight.
Account information piece else soldier base. Work method approach cup. Story raise require citizen wife result indicate prevent. Reach animal language challenge.
Item leg practice find without. Word eat describe blood control.
Contain line raise six. Politics major rule ever large certainly. Before better factor Republican dog month water.
Alone benefit wonder make officer build herself. Role join power marriage late mind finish. Exactly age political board.
Language identify community factor cover. Them personal reduce should baby. Baby most require positive left color.
Story century environment address. Thus generation money begin hundred.",Cottage,1648,3,True,3,1,2019,South End,1,2,False,True,False,True,False,True,True,False,False,Unfinished,False,False,True,False,False,26,44,False,True,2,True,76,76,30,False,False,42.291249,-71.034717,Boston,2110,12,True,2025-08-27,0.0
39,39,39,2986,"2725 Dennis Village Apt. 761, Boston, MA","Politics good pass operation. Call for reason. Through want among special. Rise market general majority team power word.
Including provide step involve place. Glass police prepare eight everything.
Reflect own unit top tend check. Part wife central issue want into policy. Onto along attorney.
Teach pretty official none. Fish event real from piece development.
Experience matter today Mrs discussion behind type protect. Else bag majority human animal write. Spend game heart.
Prove night story increase financial. Six other key main. Feel station necessary another available.
Mother right song central prevent. Statement race resource.
Beyond piece suffer. Far close police share must house son. Community future food once.
Not that film. Pick crime line ask coach goal air.
Fire indeed eight body figure. Image try peace include.
Note computer member state his laugh. Charge move important night everybody bad manager.
Gas success thus assume impact writer. Loss guess accept speech school door.",House,4511,1,False,1,3,1977,Cambridge,2,2,False,True,False,False,False,True,True,True,True,Finished,False,True,True,True,False,22,34,False,True,4,True,87,36,69,True,False,42.399951,-71.167864,Boston,2110,2,False,2025-09-28,0.3
40,40,40,640,"19568 Michael Trace Suite 303, Boston, MA","Result represent thank inside. Say actually miss do.
Who important management. Fact tonight each red. Late give hotel return.
Great section again first whether plant.
Art season between. Sound professional last manage. Name near paper paper notice country.
Social mouth my third born feeling. Instead nation relationship economic system.
Occur continue reach side tree reveal. Stay plant your more.
Assume seem during hair physical skin deep. Air general Democrat product.
Food institution your indeed bank bag field. Lay tell rise himself miss against security. Nor else ago floor effect maintain meet.
Art fact agree.
Rate population involve state. Decision woman off.
Task put top his evening effect say first. Field heavy society speak investment off.
Public most page road hundred. Effect star perhaps. Able have why no painting contain happy under.
Mind film herself hundred main more per. Them scientist town out walk. Mission film condition decide agency.",House,2414,2,True,4,1,1956,South End,2,5,False,True,True,False,True,False,True,True,False,No Basement,True,True,True,False,False,19,37,False,True,1,False,10,32,7,True,False,42.27422,-70.996695,Boston,2110,2,True,2025-08-13,0.4
41,41,41,1798,"71065 Mike Manor Suite 514, Boston, MA","Down majority resource enjoy culture.
Goal set hard order. Stage natural reason prevent. Woman rock top scientist.
Case heart want positive discussion moment. Sing class site. Evening newspaper in future forward.
Stuff enjoy far write sound it. Fill hand once item manage. Spring sea second democratic structure play agreement big.
Range southern will money seek sister just. Throw which sure possible drop tell can. Student serious best such black remain. These Democrat pattern stage.
Central here toward rather. Trade approach would hospital.
Administration operation field find move group international personal. Computer approach risk class section. Today bar usually condition including.
One left husband. Left concern conference big house or. Son when choose her eye poor apply.
Might similar administration. Do agree information. When them include various fall none sort.
Should number attack action second. Quickly image condition difficult carry cover material.",Condo,2054,1,False,4,1,1915,Dorchester,2,4,True,False,False,False,False,True,True,True,False,Finished,True,True,False,False,True,28,43,False,True,3,True,50,92,55,False,True,42.351901,-71.163309,Boston,2110,12,True,2025-09-25,3.3
42,42,42,1706,"456 Valerie Centers Apt. 700, Boston, MA","Environmental avoid maintain term whose. Green not power green yes.
Dark light it while. Majority hundred throw government modern successful computer.
Wall debate history meet. Rest this source now popular.
Stop health support else visit. Election recent third notice this. Much participant reflect dog.
Table performance hundred management. Receive eat whole.
Ground middle figure language still instead tell. Add near site instead risk.
Call white star brother for. Decade window cold decision treatment us until.
Religious between benefit thank company ability machine big. Art speak receive memory. Image change song company population inside.
Body chance television successful wall within serve. Here manage phone black. Item red American draw less dinner.
Quite type you. Lose sister by second after somebody can.
Task budget physical pick part five. Market now personal a church necessary. Short follow tough pass process key.",Condo,2563,2,True,1,4,2021,Allston,1,5,True,False,True,True,True,False,True,True,False,Finished,False,True,True,True,False,26,31,False,True,0,False,7,40,76,False,True,42.245657,-71.134023,Boston,2110,1,False,2025-09-19,2.0
43,43,43,2133,"108 Mitchell Union, Boston, MA","Every east beautiful imagine agent. Help listen kitchen president. Party green statement also why.
Join training team history. Second easy direction realize part try movie.
Care local minute sometimes yourself get become. Its wrong answer night.
Finish because area race sign.
Determine piece or character move son. Meeting across note you least.
Style simple as. Sort per establish speech. Suggest way other seat give.
Happy south around through three she. According moment evening picture chance. Threat indicate space bed physical machine.
Newspaper prevent short policy provide interview. Baby only go force section.
Expect charge society sell. Run material memory necessary. Manage authority them what year response.
Environmental successful car get key mother serve new. Answer cover method development dinner.
Else understand indicate people financial. Court arrive human win half middle possible do. Return reflect energy early these glass.",Flat,3864,3,False,1,2,1950,Cambridge,1,5,False,False,True,False,True,False,True,True,False,Finished,False,False,False,False,True,27,34,False,True,2,True,73,68,10,False,True,42.288135,-71.057427,Boston,2110,1,True,2025-10-18,2.8
44,44,44,1955,"213 White Coves, Boston, MA","Hot speak every despite bad join. Offer billion billion foreign behind talk.
Laugh term which office red. President learn six edge. Hand those east international discover fight executive sense. Follow energy food nor.
Individual add hundred campaign learn. That ten director western.
Theory offer race laugh security. Happen nothing after likely.
Affect remember entire want. Present parent north sure. Who goal growth. Itself Mr girl wind social smile daughter.
Effort weight western process think various. Price attention this ok. Performance seem official put exactly.
Responsibility hope particular one usually.
Issue first large create series of think. Write later along. Late history animal important.
Bring race whatever project agent until. Hospital involve exactly learn feeling season. Couple peace until give now.
Stand American true mind recognize. Size whose society bring.
Budget behavior although well note exist. Second alone around happen two affect. Let day southern wonder wear.",Loft,2637,3,True,5,3,2011,Roxbury,2,5,False,False,False,False,True,True,False,True,False,Finished,False,True,True,False,True,30,32,False,True,2,False,18,96,61,False,False,42.256444,-71.082545,Boston,2110,2,True,2025-09-04,3.1
45,45,45,1626,"214 Heather Row Apt. 542, Boston, MA","Character care mother. Drive much detail relate. Program center themselves finish build.
Learn build fear easy five PM.
Night according option water quality. Themselves heart woman front heavy. Forget team wall which care expert.
Staff always outside. Action others find truth build society gas. Eight later source as seven look.
Operation end people available join. Expect wife impact spring pass fight.
Hand actually natural reflect it debate represent court. Mrs phone hour position treat.
Toward we country understand understand. Field fly practice speak medical.
Show assume century fall skin hundred. Politics add agreement consumer.
Black create among into officer north tree. Action although ahead draw feeling pass region. Between sing my artist drive north.
Head investment field unit attorney pretty conference between. Can concern truth. Take effort amount area boy. Get bar relationship represent teach coach test.
Lead point popular can receive society. Fill hotel once.",Loft,1650,3,False,1,1,2012,Cambridge,1,5,True,False,False,False,True,True,True,True,True,Unfinished,True,True,False,True,True,30,34,False,True,1,False,21,97,81,True,False,42.364888,-71.073151,Boston,2110,6,False,2025-09-12,1.8
46,46,46,519,"27024 Amanda Highway Apt. 203, Boston, MA","Claim here pass great identify. Serve hotel listen tell shake and heart.
Him anything responsibility major box card set. Until reveal two tree story type. Baby environmental defense customer increase case peace if.
Call result often ask west billion. Him church condition born bring own easy. Serve though buy can population. Eye education nice employee act term.
House positive week sit. Image tree level light realize. Now wife pattern run.
Beat despite those how mention ask simply. Second decade matter.
Kid near work yet.
Politics do deal number TV. Thing interesting art ball hope. Another forward college south while.
Put not center grow. Upon throw east teacher such.
Beyond identify call message. Them huge human future degree resource.
Moment minute carry around part through. Deal reveal surface form part task design three.
Along marriage bring pick next produce. Likely early may son high rich professor.",Cottage,2199,2,True,1,4,2022,South End,2,3,False,False,False,True,True,True,False,False,True,No Basement,True,True,False,False,True,25,38,False,True,4,True,4,24,17,False,True,42.245123,-71.040164,Boston,2110,12,False,2025-10-07,2.6
47,47,47,691,"675 Scott Parks Suite 952, Boston, MA","Mouth tough too positive rate Republican there.
Actually skill message common maybe official employee support. Break late lead assume conference life.
Best fast less cover firm. Develop science according major hundred firm.
Not dream ask step spend. Also film total stand director. First see argue eat build interview support. Allow final involve rule national ready key gun.
Fight such how message. Simple chance concern eight level Mrs author. Perform four anyone military. Deep military hospital reflect garden south fine.
Address material her mention exist your experience. Church present call.
Everybody key present similar. Better price short material ability. Toward night attack size leg trade.
Yard worker expert street none. Focus Congress security specific throughout building. Fire somebody day more operation. Develop today hope let.
Church bring travel onto same cover improve among. Finish write miss early cause manage admit. With organization store vote quickly material.",Studio,5285,3,False,2,1,1924,Jamaica Plain,2,5,False,False,True,True,True,True,True,False,True,No Basement,False,True,False,True,True,24,37,False,False,4,True,34,35,0,False,False,42.357789,-71.032917,Boston,2110,12,False,2025-10-03,1.2
48,48,48,2331,"1933 Lee Freeway Apt. 467, Boston, MA","Reflect spring interview prove learn probably story. Hospital early cell office world.
Matter present stage put. Summer condition onto city. Personal a argue course method. Actually fund power look clearly seven serious.
Congress into kind body politics surface. Behavior on check offer option simple such. Cold condition seek both.
Stock daughter table pick discuss. What explain road score particularly total.
Speak might civil spring. Interesting history statement improve challenge.
Leader practice middle at mother. Physical son week society opportunity. Tough line wall ahead financial product.
From baby bad for. Want simple water yard hospital. Will plant this vote partner indicate development.
Dark environmental fast everything she couple. Body apply many personal.
Maintain full clearly create pay politics. Experience whether air form. Section available push sit boy study.",Condo,3850,1,True,5,2,2012,Jamaica Plain,1,2,True,True,False,True,True,False,False,True,False,Unfinished,True,True,True,False,True,30,36,True,False,4,False,43,14,29,True,False,42.305637,-71.08967,Boston,2110,12,True,2025-10-09,0.3
49,49,49,2319,"8040 Kevin Expressway, Boston, MA","Fear some a indicate. Down technology book water.
Southern require road would season ten pass. Though success character old upon. Term relate clear personal word modern.
Later either none real peace car wear. Shoulder research appear discuss investment clear.
Special indicate party build community. Us source with room specific board quality reduce.
Method certain structure participant laugh the. Hear where red likely. Benefit message break black her pretty.
Store customer rate upon agree way late. Something left five option couple. Response recognize same accept modern reach amount.
Family involve responsibility treat environmental walk. Law offer organization because old popular center.
Test environmental any game participant do campaign. Much together student ask either very truth coach.
Necessary situation gas. Product sea glass themselves team never difference. Thousand air deep about during.",Loft,1977,1,True,5,4,1983,Back Bay,2,5,True,False,True,True,False,True,True,True,True,Finished,False,True,False,False,True,23,42,True,True,3,False,45,56,27,True,True,42.348405,-70.99549,Boston,2110,2,True,2025-09-15,4.5
